{"cameraMode":{"drawMode":0,"name":"Shaded","section":"Shading Mode"},"sceneLighting":false,"audioPlay":false,"sceneViewState":{"showFog":true,"showMaterialUpdate":false,"showSkybox":false,"showFlares":true,"showImageEffects":true,"showParticleSystems":true},"in2DMode":false,"pivot":{"x":6.121129989624023,"y":1.2628710269927979,"z":0.4353032112121582},"rotation":{"x":0.09489749372005463,"y":-0.879156231880188,"z":0.19705800712108613,"w":0.42337626218795779},"size":2.5408568382263185,"orthographic":false}