{"cameraMode":{"drawMode":0,"name":"Shaded","section":"Shading Mode"},"sceneLighting":false,"audioPlay":false,"sceneViewState":{"showFog":true,"showMaterialUpdate":false,"showSkybox":false,"showFlares":true,"showImageEffects":true,"showParticleSystems":true},"in2DMode":false,"pivot":{"x":-3.258716583251953,"y":1.2605113983154297,"z":0.07217183709144592},"rotation":{"x":0.09489749372005463,"y":-0.879156231880188,"z":0.19705800712108613,"w":0.42337626218795779},"size":2.5392699241638185,"orthographic":false}