{"cameraMode":{"drawMode":0,"name":"Shaded","section":"Shading Mode"},"sceneLighting":false,"audioPlay":false,"sceneViewState":{"showFog":true,"showMaterialUpdate":false,"showSkybox":false,"showFlares":true,"showImageEffects":true,"showParticleSystems":true},"in2DMode":false,"pivot":{"x":8.127391815185547,"y":1.6182670593261719,"z":-0.0518011748790741},"rotation":{"x":0.09489749372005463,"y":-0.879156231880188,"z":0.19705800712108613,"w":0.42337626218795779},"size":1.341320276260376,"orthographic":false}