{"cameraMode":{"drawMode":0,"name":"Shaded","section":"Shading Mode"},"sceneLighting":false,"audioPlay":false,"sceneViewState":{"showFog":true,"showMaterialUpdate":false,"showSkybox":false,"showFlares":true,"showImageEffects":true,"showParticleSystems":true},"in2DMode":false,"pivot":{"x":3.8766889572143556,"y":1.6689279079437256,"z":0.16751843690872193},"rotation":{"x":0.09489749372005463,"y":-0.879156231880188,"z":0.19705800712108613,"w":0.42337626218795779},"size":1.0289373397827149,"orthographic":false}